name,ownerAddress,publicKey,effectiveness,attestations
BloxStaking,0x943a1B677da0Ac80F380F08731faE841B1201402,91add6368b64da7d69b6862f54bb1af3b3be02c13aac54dee7cacbc9e9819952,34,40
StoshiStakers,0x943a1B677da0Ac80F380F08731faE841B1201402,3635c7c715ae4e48c89f217a43191c70e692921f0815605463e8be61530edf47,39,46
VitalikValidators,0x943a1B677da0Ac80F380F08731faE841B1201402,f7713dd46bccb4b2ebf4b3a36def6389aa695838f57c6bae6db71b7d79a8c73e,39,46
MergeTwins,0x943a1B677da0Ac80F380F08731faE841B1201402,0a837806d09241c542c6712e955bb23aa0c4313cce3c5a5873db5638b8272653,39,46
CryptoManufaktur,0x59eCf48345A221E0731E785ED79eD40d0A94E2A5,39510f99809eb56cd89882dfbd32aa6190ac8649ff3464b692347a4c70a16e1d,39,46
CryptoCom,0xa5cfD290965372553Efd5fDaeB91C335207b76E2,d52798be3e4c6fc17a3f3cacc0cb21a6d78fb2878eadb006f97252ffcab4ef7e,40,47
AnonymousGroup,0xa5cfD290965372553Efd5fDaeB91C335207b76E2,c57347c94d4702785594cb7df35dd3957018b94ff808401e056a76e9d2a4161c,40,47
ChuckNorrisOperator,0xa5cfD290965372553Efd5fDaeB91C335207b76E2,7f11cfbcb4b93b9e5f99b0d80f7e4475daa2f24ea9b4f344a6d60273faf592b2,40,47
Beaconchain,0xa5cfD290965372553Efd5fDaeB91C335207b76E2,dd7346e93560e32390481520cc288beb3a237a3d52614d7deb0c7fa2b1fa6c68,40,47
BinanceInc,0xa5cfD290965372553Efd5fDaeB91C335207b76E2,c49764371bb92e58c5c8a6ba957a4128e34915aae91e409616daf28262ebd1de,40,47
0xA1EU,0x0f14E34723997e1E1e2B7E3760178c98B22651ab,ae7013c20f5d105268a394b03bce6e8a11ff371927fc9d356cfb48645ce0923c,51,58
0xA2EU,0x0f14E34723997e1E1e2B7E3760178c98B22651ab,3e21b3e442f19ff5cd0bf69bc5b5b6fb58d36031f42975d989bb31215e9fd57d,40,47
0xA3USEAST,0x0f14E34723997e1E1e2B7E3760178c98B22651ab,d0d6fcc3a94e0c836ad2bd45c4035e62f0f770b5a670c8be6a0b54c88cc4063c,40,47
0xA4USEAST,0x0f14E34723997e1E1e2B7E3760178c98B22651ab,fc382aafac6615c1a04ac4adc565300ce23a30bca8ab379527b73f9a121e5a17,40,47
0xA5USWEST,0x0f14E34723997e1E1e2B7E3760178c98B22651ab,e400254a9ce650c83e27e7eb23df00616dd96f2d1e6ca17cf353a1e2d5f5982f,40,47
0xA6USWEST,0x0f14E34723997e1E1e2B7E3760178c98B22651ab,83ebbd990fce9acf9f47ffadb7c8533daa2cc6ebd32db93c1b675b689f361dba,40,47
paulhauner,0xf934A87349051C492216eECC6Bc716EEe45Fe029,ec2d7cc7fd76ae561281e3a8089bd0a3e787c1e2827f1b06217881b140804724,39,46
Foundry,0x4aC804537422a3A1F8843FAd4710dD0b4e1e8B0e,d3046f87aea3dc240cf7a1244104d9c43a22639d707e9dfe7090529b9602e731,41,47
StakeWise,0xAF8550495DA9AA999E8894fb596426aB2D32cA5c,457061dd4bae243ec476f2d2e9009ecfdfcc55ef3b61cd2545ff26fb5b756671,41,48
Allnodes,0xD80B64C73D1F4e7A67bC43b688494c320D0Aa583,913fcb3e96be3f72b203ffa854db08b4fc430cd8d463f0e60f45dfe52ee68b9e,47,54
DAppNode,0xF35960302a07022aBa880DFFaEC2Fdd64d5BF1c1,8d10f06f471859655e79dc658e3182a19fdc2dc7bcb61bb58e38a3dfbd625972,39,46
Everstake,0x1339E13F50251bC9567ee9B315A8ECF4cD8af4e6,b4377455eff14e53ff2ce05d3d9aa5e9597ef365b971983a6495022cf66204fb,41,48
Stakely,0xA6ed1C21933791179c469a830f641341B7c42E48,414888ec53e641b01682f147e6aaf53e4d9c242f3dac3685dd6fac7e08d91383,40,46
0NEinfraTEST,0x1b1627B632f774b4B95CFe28eC03d8F9C5847F0B,ef0387437024f540bbbf4261ab6d0fa6255b8404351e3058113a4717ca684b40,50,57
RockX,0x00862339A67D51c35027555Dee8C58Ca86DC3AD6,c9dacebb68818239a42d6ca60bcde8bb18da6bccadc7f195ccb585051d937c64,40,46
AbsoluteStaking,0x031fC98FB5B78f8C2467c4c5124fC4286D12296F,c0cd9c17f842033db537d720644777649eda249c697eebbc28bfc00062c74ac9,40,47
fragment,0xBf58548EB9103AcBA6d7dFDBc6C810D95e860B6C,e6aa77b73b5e9cbd65cb7e1deefe9bf9565b1a4086f0e9bdc29b256145f1a30f,40,46
LionStake,0xF35960302a07022aBa880DFFaEC2Fdd64d5BF1c1,149dd80019c66d7374c43a7b432894e71bd1b940e6c6d0503d9682bbc9d47af4,39,45
LionStakeSSV,0xF35960302a07022aBa880DFFaEC2Fdd64d5BF1c1,9455e7166fab621ae631b1c2b128aae5898b6df558cfbbece3fc6146418ead1f,40,46
stakingcabin,0x0cb403191652bf920A79e56c7cbEd9Ee5d8d6dDf,58486b4bbd1ad19401f7b5e9d90ee6fd124a02ba2d3d068e539e53cf41687711,41,47
DAppNodeOperator,0xF35960302a07022aBa880DFFaEC2Fdd64d5BF1c1,ee77b2975db6440a2cd8b4980d2e47a1a1f0929c27af32b89ba232514c8cb2a8,39,45
SSVmine,0x4cC54cb2e27d74967831F7AF748Ea793ABA5989c,19402777d7bab3bfb8d047a06789c38dd4dc61c579925661f5bdb6f6a34cec98,40,47
beaconchain,0x4cC54cb2e27d74967831F7AF748Ea793ABA5989c,3ad54f9ac9030fda02a0ed2a796bba9fa69a462d74fd7a39ad3e07bdc4b64b66,46,53
DelegaNetworksN1,0xee1783D97D54CF878adaacB9cb744D553EB5D33D,1ccee846f174263c3a4f264cf30f09a422efd912627fc96afd695d81b706a8a3,40,47
DAppNodemgarciate,0xa33Ff32C48cc7eE58F8d7329FF9Abe3558aB1204,21234ecaf59edca1e694650f653f2c7204bb9612745402f0ff4a88d56696a2f5,40,46
DAppNodeLanski,0xcA5720267Fcb7ccA13007AfA096ae01B0864f765,c92074faf7db70e1b8ae8a6c82d4898dd3df80e1360907afcbbe4a0a22381854,40,47
tfValidation,0xd36e44EFf4160F78E5088e02Fe8406D7638f73b4,20020a2e215563898b8818a06d2ae7605dbfa1c36e823507feb7bded4f43ee20,40,47
Tropicar,0x5E8d37F285d477CC32a8d890E3190fcd65e2a9d0,04f07f5220db9d5cd6a7b7446f66daa447a57b3536ca8f63d365f1d5488b733a,40,47
Vortex,0x9f5b5a303d6D75E45D6d6dAed3C3E4D25F8Ec873,7a112635f176fa6179ddc155452baa0ddbd729d61732da4dbcaf5c53a4420a89,40,46
duytu,0xF82e8BC7E11A22B5ab835CA25A477203a97BDB16,a6de534b0f8bbabcfee16fc347d0c53e929719bd8fc4efdfd1f58f7c12e1d82d,40,47
79anvi,0xd7F6bad6Fc716b889F84a94fEE046188f08988ce,57c80a43e5af11919d6b518f789a5a32096524af084fbc641cf299a43bb12d37,40,47
Path2light,0xadD776b7B31863d314e370ac83D7b0C9e79673FD,17f6994ca441d44df2d731cde537f872e9cc71cd28d40483750a037a6d4eafca,40,47
Voss,0x95Ed2E550a3A90232ae664312280B908f91C5b07,1560ee927376a005af6d43467e78b7957061f5ac5d5bc56e7e6de6bfccc458da,37,43
ddxof,0x6d5EDdEcC7528C5C06b500D5188c13da1885c151,ef351f5b524226310f9459b2ef531b27114b69087cfa0b2419ed71c4904e2037,40,47
FerroDappnodeDAO,0xbeE3003A3f80a42E97b867d4A8e9c080f65947A4,ccb29372fbf84dfb726ad6701fbfcf55aee3548059eca8161b3281b4285b9fe1,40,47
Stereum,0xA1DDc7ed6E7b9179C68cDEE24a5e47dE930061eE,5c19be65826cc5ff4bc5a9dcf4d6daedc2b5edc03acc8d2a4490be2b032d9fdf,40,47
Stereum,0xA1DDc7ed6E7b9179C68cDEE24a5e47dE930061eE,e847d759e443a4ae401ba35ac8bc65f46f8f66e772e614c2defd9673b334c7d2,40,47
StereumNET,0xA1DDc7ed6E7b9179C68cDEE24a5e47dE930061eE,9ffd8585049389a8ef712ce9472415288229c2d70fc54c74ea3f3ef3423bd419,41,47
anvil,0x1b1627B632f774b4B95CFe28eC03d8F9C5847F0B,302762e55a6d367cde5c6ab6c3174f5d3c1e6de24a60a16b9ab7b42667c00281,40,47
BrothersInArm,0xD9baA3a44Ad6f1c10a619a0DB3A4cA75E384d62B,7065f5d4a6672d187e1197d2852e2502f1c21e2cb2cab6af2ea231c404ce55dc,40,47
FERRODappnode,0xbeE3003A3f80a42E97b867d4A8e9c080f65947A4,9a0793ea6cc6c3f57056f8f8edb40bd06e1b2927446ec52d3d3e537cf569a340,40,46
DAppNodeddxof,0x6d5EDdEcC7528C5C06b500D5188c13da1885c151,4d1e1fde45e6588bb1daf10145e239bc6156e567b1f92525ce0e3c8f33bd61b3,39,46
DAppNodeAvaunt,0x60C71D57a2152F1f0cC00b101eF3fb6da2330C0B,5865464f726112848a105aaff13db260a06f586a408c141135a846a8821c7550,39,45
DAppNodeVoss,0x95Ed2E550a3A90232ae664312280B908f91C5b07,c4ebe85d0c3245a0880c0de1be6c048b1ce2d23d25e80f389ec09fc34819239e,36,42
DappNodeHofgut,0x1216ABe1028608B0EeAAb0635f4C56635F1d69f0,a55c0c2f4ea3a2e78fc7dc8192910be84868cd88523bcf1ab88a8012d54f9c1f,40,47
tehllama,0xC483287d7E6D2d5427444b7B5690794D5C886C27,212dae115b5b3d2abb84b9e2e10c8f63576bccace361ce983d46e11ef10f0974,40,47
Path2light,0xadD776b7B31863d314e370ac83D7b0C9e79673FD,ba2a66123b27a86e42b4dceb25355926dda26fa2910f3981bc722b36a715fd08,40,47
DAppNodeGBeast,0x261F436676cFA456a8F086a850160E97550AEA9C,8fd99e5ef79aadd3fe918674b2639cfa2987caf541fd9c18cad2e2b88a38337a,40,46
BARAMIO,0xBAADFaa744694Fc1134bc5D6318c453778c4209F,a573ba211723b58478ae3a4f5ac19dcd283d504034fd9fc0fb0b788a00012798,40,47
DAppNodeGBeast,0x261F436676cFA456a8F086a850160E97550AEA9C,79c079a2c2b4996e16d0c899e661f19abede78143669ccc8b621d230d74cb3f9,40,47
silent666,0xD03176B49C015B0053b8e9b19DB2Ba8d7d173aAF,9e6e5908747eb1b91184c6e15ffccc5800af2ec6906ccbf1c83c71e5ddd2a7c2,40,47
DAppNodeTehLlama,0xC483287d7E6D2d5427444b7B5690794D5C886C27,4248a71fa6047fd40deb3ed0990bbae2dee0fc081b396b72188cc7dc3463374d,39,46
3NDDGroup,0x8a86BD0086Db2ED3d7D99FC86af7A9036F1C42c8,5320fba3ca9d14aca7fa9135686e3d3cbe26891651b2cc39c95a17b9f67284b7,40,47
Cryptography,0xd4D5CD867944AfDd49b13E98CEA60a9F8c0C84Ec,c280c79a9a34f8da9cf4078cfe487cface6f34d54039af2080b87323a35c03ba,40,47
SkillZ,0x0b051D622446e517BD2F5e0Af393bd53f84fe405,2e607e272f9e7f09273c95fddccbfa6d56d951123d54c7ccc682d98eb56ba096,39,46
SimplyStaking,0x58aBfF68f76Bc25aA2b2984b95d5659c7bD05e44,4a6f0fc6f405f09ef9ccca3ad513d8369f8dbf40430be6bfe3403b5e9c439da7,40,47
blockscape,0xC37F899BB002D93fdcbD9D91d42889AC0e29B704,05b48831c7141420a721d35e78c5daa0a933f66b28ed46729dcff6f8b5ffa658,39,46
Bugiman,0x854FbE4531280fd1C9928A7099Dc4e4B5d3Ad8Cb,3757841115404df69f747b1266aeff2cde334667dfea15dc3364b0b7d2f26bfa,40,47
ssvdevelop,0x02e216DD67bC705564f1c51d81ce8E9B67072F73,29980f2fa9c62e88fc2e8ebc4318b3bcc16dcfb21cce49df39f3254fef833eb7,40,47
shardlabs,0x02e216DD67bC705564f1c51d81ce8E9B67072F73,b663cb3b1d1c6f9c52c24521f1b3ff828648db52cbcd54cc893deac987abd0ba,39,45
BigBob,0x66EC8D5a0f2634e070f180401b472EA3fddd3222,8c5b0d13f04c164403070269df59d6c6424dcea277ca449aa359df22bd139447,40,47
datapunk,0x54b4725c9CC3E1B91d513D3344561ba36182AB80,c4cf1bafa362e0b4c112bbec952cfef10ad08f26eea5688e925fa136c62c89f0,40,47
Terminator,0xAE3F76a1480e7179c9E45CcA6Fb38BD92F474Cc3,a71afc8426ee718119aefbeff0b32446db278767b9f813266901c97157b472f9,40,47
Best,0x17CAdCE0d5d735aea8e7e94AD1DB76DE0D213847,c651b4dab1bcf1de137b20add24968e460eaf289f807ce20b33256d95c9ff150,40,47
GNONG,0x7779DCA21060C358bB19332e0897d3E938f4C7c8,9a3634325d0281fc22449ca28b68e207690f0ea8fcb6384e7dddd6186f835e0a,40,47
ssvtestnet,0x78dD7a6Ce415312759814009149Fc6648DA36f55,8af4b6475e2020211ff4c2c51c7e902881883131ba096fc75656bbbecb90920d,40,47
infstones,0x78dD7a6Ce415312759814009149Fc6648DA36f55,0a7ec9ee639c5d89265866fd1a0bc761d91d782af2289f9fc85c32f4f56cd0cb,39,46
DAppNode4Kinakuta,0xc7fB2F77a36Ef1ed2b1bf34C999E349C0e6B4D42,d9eaf5cddf0b1855638221dd311db7188f5db54d217845b1fcd76cf616c72349,39,46
DAppNodeFM,0xa577c982BE08F1D01f28f78b7Bf0d7577A4662Cc,01bb1333622a262d578ea30e8533d7bfbbefa7e086180478373e16201107e399,40,46
hackworth,0xc799bE8De03F20B2D3b101E6F6516D614e6fFe06,6725a87ca771c715aa47c229702470dee8c08d624d94278712d48f33a3400db9,39,46
80MP4,0x6676FFebC95C0B3C85025d57b9543E11C571dB4a,c53abbfad466229262a5b90f74c916328d45030121c8278caeceaa3baee8dc7a,40,47
DAppNodeHackworth,0xc799bE8De03F20B2D3b101E6F6516D614e6fFe06,9b26e5b55513bf1924569e52c7e669a75039344acdc16a783563589a8dc3451d,39,45
PenguinBloxStaking,0xee09d319ce6AE186B418E0CBcB7Eed1F71426F27,55a93318691223b74a94f3549d3350942dc8e4ae59143f1dc8f932383ff1f713,40,47
ShivaBloxNode,0xd185dd7ea867751C23c4C944f30A697485C71AD5,7eacb781ec131681fb93c1a7c9f69cc043c1fd66ba33f3e36511b9a55091d283,40,47
contrabandoperator,0x2a0b5075e2D0845BD9114E8F3102e7441960A24C,9ddaa4e4cc1b8c14df7318544fc010bf491495954aee114590f13f8f8ddf659c,40,46
Testdapnode12,0x1B9D48c09cF07b3f6C1bfeAb0D969bEa36299454,242475c2a7259640617edfb01af661cafd6af202dfc4579b2eaa36c6e600b924,40,47
BumiBulat,0x56793Ea3e29E8639071B236c97d217e5a3826041,89f4a390cdbe5cbb19cd02b02e21fb4ef9c422fdd704c25dc1986cab60018aba,40,47
gimlet,0x2fB1448998DBDe5DABd9c27ffc8D302442CdB497,e3b6898d94e71012c228095055f2fc45e3ff59399fc05f29287741ab33cfdeef,40,47
Stakin,0xf72bdFB3CC3b5168Ce3D3C640212EB5cbF6c0e00,ac3b3248d433e92b6475ac2d669dec9097a2e47b354bac3fe47691b2125b6e5f,39,46
DaNode,0x3e304E9Ab1a50a82Da3950790E20c79f1E35d01E,67db45c0f00df448672608171347dee275bde43a2579fc576b33e5125008eb6b,40,47
SURYANODE,0xf4b4b57108f6b9C40fdC4CC2A5B174517a296E2E,118551a33c5a488e786c0da3425715c34b0493d1663ade93b8f47f68c3137672,40,47
YAGI,0x6c0Fadd48e7e236Bb10f7D69148Be5502a18ca57,c1c1c4c57f60e6901113aa9fc1dcebd921468d85a934793327cb44c644ffe33a,40,47
Pro100,0x7B5cd0ac04Cf4FEe97cF9baAFBbfff6a4CC4B0D7,710c4a373403f97020e29fde057c5b01583f08b262b0efb8ae2e23c35c7ada97,40,47
Rekib4b,0xdd144d2b6DE680C9FaF1EBf1B801f85ad4b4CFE3,bdc821036faafb875ce5ad23c1349a216a452dbeecf8d1f596f1ea83d50b0003,40,47
Unobanomo,0xbf1c2e6214580D94DC221F2943Fb7f9c28307dfd,70be58ebcefccc746981f7be2e7c0bd16cb470d99fd024adcfacb1430912dc41,40,47
EuropeNode,0x1CBCC0151fb1E3cAea5e1Ad22964D2aD5a250A35,5f2897361a3eacd4579e8d9313741ddf288a390102d5d7b35b6704e04f70fa72,40,47
tarzan18,0x255DcfA35b70fC60BFAc74fFDFB4782b441a1963,b1658c29a33a6285abc892072c5a35270a503d6996898cb2af342c914b650bc2,40,47
CVJoint,0xf389dD1F828525b449D63D14157f2d3A25eE0a41,be16c3832bdc335a4da3b2e89c3f113c0e946a4965bba26d6136e73d67673abb,40,47
nodebaye,0xf984B941960eC24ba5c044796bee29d848847777,dbac6ffd123b44aa5d33bd359c4c0d1540dbf2e7624d28b6b22d4fd772527333,40,47
istanbul,0xb974c920234BE5c53a6dD863744417e7c9B12F1E,29ecc71f925b803c5fc2df171fdaae84dd1b252ad0c551ae9e8c4bef6fbafe13,40,47
StakeTarget,0xC4bD35FcAa21d4d5670aA747c4D4df19011B230a,b3166a1889950d17a7f57b5d1982096141d546fa32ab1a62c7a5a8be3b70eb73,40,47
SimplyVC,0x58aBfF68f76Bc25aA2b2984b95d5659c7bD05e44,b410260ef9be196e92451453fd7ad612118a70549077e23f7859dac5754903eb,40,46
ozgurdener,0x3833e3Afd07D43C3519A5f6Cb9a9F51B13b58571,d7b79d70c4d2ef8f3478c54c5849686ea3249118d5156f41884cb2de4db40c9b,40,47
dappnodeblackswan,0x0A1D4E774BeeFBe600502D9dAa21C6AFa52b987a,9ae746f5678618e10edda735946bfbcc78a794c3577800216ea2c61c51929ec0,40,46
ozgurdener2,0x3833e3Afd07D43C3519A5f6Cb9a9F51B13b58571,6cace058b82b519be50efe87438c357fc5a860b6198ec3b631b235be82ac95c0,40,47
ilyassvnode,0x8157543bC8876E390674c34173C94E454b2D4763,2af6471c988d1aaa1f0e4e2fc4fff418a773efa32e2078b89d33d7651c10600e,40,47
izmir,0x3833e3Afd07D43C3519A5f6Cb9a9F51B13b58571,0c0fb322bbe8d0016a22ab33a8e3be588e135b2698c6599e8ec2e44208e18527,40,47
KriptoPohnee,0x26655D43E3DFA4f7ef6Ee94cef70Eb64632E6D59,d5fb3fe6e8530f7374c11f6aa2a70aa22eb6a89f153f1177fd4801dbff538619,40,46
Fireplan,0x74731D6D0a7a2d2b1eFE2CA299270178ce1C6160,2342787790b914742b01e4d2949f5ef7997afd8d78313e0c34be704f33a349ae,40,46
0xgenesisblock,0xCdf2213F9ddDb28Ca1191ACF8425Ad8166674C50,f17f6cf94b1dbc7398147b8529626c8f682e782be368df7a8b97f3b7a8b0d82d,40,47
DAppNodeEddy,0x0fd6F85148A631321b8FEDF7f4AC52e86A617948,cc52c8ad7fdb1234e21ff7f6b56ed146ff794e19b25e43f225c09afe82b69fcc,40,47
afool41ssv,0xF99fa81DD466EEb72477b6D7984b2CDD8DF4c5C3,a399cde0d22ad8b26a877c2a6112d3c77633c2235d8a42e27350263c52175539,40,47
Kost,0xA5D00A577E71752929F315c1cB8F90144135Bd26,9c3695bf50b2e2d47941f82989c8e897af29558e43dd5044d041b9a35523ade5,40,47
Lovali,0xAC086399ccFf32586CDe3951eaa46DA23fD469b6,7c2308f3712472fb01d911c78710c5d17fddb3e8bbe29589384163d75d0337f2,40,47
StakeWithUs,0xcDC7855A74c7F0902527064DbeF3Ab52895681de,af5275c8e4b73a3ae320caaf56cebc2512b5b1d0b3e5051e1c67c2c99606f184,40,46
Solana,0xc6E7b3fBF87D189757e22A2bF095723cb4C2Ee7F,0cbab2b2465a81be2a3d91fc8fb2a0bb6e164e10180f14f019f3ed18984efa5b,40,47
DAppNodedsdiegosg,0xD11E5aC326869525b772B8D144AEaC4bC7500419,fc85ccb394314b5775b665cb85171394a7379de39aa9d61663aa5e7d908c0d20,40,47
DoNotUseThisOperator,0xFfa7588C83E3A6aF43eeB5718BC928D4D11cD954,560e7c5af8360e3fa365104c99e863bf6ea5fd51138bdb858d910d889158cba4,40,47
DappNodeSecured,0x40551E5738d2Ce282b658903a4a4ccA65eeF1f65,8068ea58f00f8d51abc34397f20bce498bf7d71491c21b09df628f6812de6960,40,46
ARTURZ,0x73ac4448c39c10EB1037711647184558d28d2757,7ad1f2669244c4aab9d4396a196313135a416c9dae53977acbfadbe96168b3bf,40,47
relax,0x3c34BBfB39520ffF4681FEbc7ffDA1d75d77c1cd,e9b923e69d4fe3b460a3a3949b14ee4598324f40209298d0ff8c6c5335aadcfd,40,47
EthStaker,0xaCf4C2950107eF9b1C37faA1F9a866C8F0da88b9,3f0ea78a6146a8d588395d800f8d8d7900fe07d0a59e0720e7bce57652291b72,39,46
www0akmalov0com,0x3c34BBfB39520ffF4681FEbc7ffDA1d75d77c1cd,22c19aa4e8508f54e042c3ba2c110074cff140a0257e65c2d9d9ae069db91558,40,47
EUCentralNode,0x1CBCC0151fb1E3cAea5e1Ad22964D2aD5a250A35,08a2528014c02b0e1555f77dd6cadaf5464b4de426d08a8b7a0c7ae55f4e2d60,40,47
USAEastNode,0xaF27EFE324ef978b7741a7806f6AE0CEEE7E8a6b,68719a7bc8fffa9dbe9c02e096b6bc424894460b3a6da9012c1b80502ddb1c80,40,47
ParisNode,0xDd92127587a446474e5B03ACb0dC4586bf5E3209,760f702d5c33cbef6fd2d75fa6a3d0ea7a46332e9662f91028c043e5ae3664e5,40,46
EUWest3,0x4deB7B5ad157CE9523B43CEc2f4b9A4f88f87c5B,48711d2fb4ca8f8ffc54dfbeb4366123b0027d5e020c6275d69c63c328a7408a,40,47
WeWillRockYou,0x3628e7870BF91f4Fb58284E80203DA7547c99a1e,2918ce0cc644de3b064d6575eb96df9c9a21870b4372ac3b36b4426f740746ee,40,46
Flunkykid,0xC16403482Bab703b1F673D5987E9e49C7e0D3a0C,df8190756aeca5e91bc372963723b7f8014ef58ec7efb7e2f1b5ea4bedceaf11,40,47
SoEthMuchStable,0x20066f2dF63eEA0791C60FeD78AADeafDd6c6Baf,21a7791e980c60df99787ba9578f111d6f1d4a84e5d0393bf53b09f4434ca150,40,46
Lukka,0xeA08ceF42090Fbc3eA13E44FB5fdAEDDE07B465d,cf47a60d60f8a27b6877f688c1109232d3884b3dc635e8b376f54e1e1c449b4d,40,47
DragonStake,0xe3023dAe714d827f2452442FCCfDC2bcD684De13,498f416c20d20692c61538d6bb066c565d4ddb6347e6ccefcfe96c8a1eec82bb,40,46
DappnodeSim,0x8C9bdbf68e52226448367c00948333Dda7d9bA20,f05115ce474ceb6b6807f0c64aeb91501742ac1e9cc35b57737fee01abb374c0,39,46
0XGenesisBlock,0xCdf2213F9ddDb28Ca1191ACF8425Ad8166674C50,b7e14ff6250f90a7c5f91afd7659083efd11182d260e235ba8a1340028187690,40,47
Goooodnes,0x657E0b58c30DB73874E655D20C05AF8d484C271B,ffad43e306c8d64c01fdae0e89a93bf6987161a85c716dc419ea2764a598a845,40,47
0XGenesisBlock2,0xCdf2213F9ddDb28Ca1191ACF8425Ad8166674C50,7383ff0415c6837efe7ff408963a276d489fd419febc17f7b7b72c763252f9b1,40,47
DAppNodeCujo,0xbd0e08F7D2576b2C7E30762Fe725dad63B2f9B78,2747ea567d547adf5a4e02e6670e56f9184526a6c0f8d565541f13480de70674,39,46
Alexzender,0xc72e53F6F7847337231CC6C16bDCAaf7427EAf8b,90c6ef23a0bca49769835209540e2d1bfb88457e02a3a4be8a1b5739e64470bd,40,47
DappNodeBitcoinLouie,0x782C93e1C530a283Ef738A58b5671A8fC2D8153f,f6f7d12b5e86d03bc1d99fb0dac8865c49383e32fbf54a3d6ecc579fe074eef2,39,46
DappNodestonp89,0xC5e1569772b2d425Ac9469d39F17341C01e1CF4c,2e6791816a3833427ddc54ac4ed79da5e38d0e212f902448af0fdb46a9f82a52,40,46
DappNodeinlak16,0x8FaE2DF5b0c5bBB7Fc31DdDEc9bf045C55642bD0,30d37437bd98f090cf170715294db5cceb0521d67ad99891ca9275afa701052c,39,46
DappNodePika,0x6a87704f2A34f7e8231E2d5b08842B1FFda4B6cd,fe70cbf1d1a9875cc4925026f85579f2177404e48ace661cc68f94e20aa17325,40,46
DappNodeOperator,0x40551E5738d2Ce282b658903a4a4ccA65eeF1f65,5d31b3605ee52a9b0db62c0223852e5d5a2948dc5670b08fca90f9f16e237b0a,40,46
0xGenesisBlock3,0xCdf2213F9ddDb28Ca1191ACF8425Ad8166674C50,d12e37a9f18d6aa6647703eff60dd047f6413653b0d67df42c174e57342ee8e4,40,47
0xGenesisBlock4,0xCdf2213F9ddDb28Ca1191ACF8425Ad8166674C50,bbb25f8c609ed3cdcbdafcbf6e16d45139567bea81336e4926472e6bcfc96c6c,40,47
0xGenesisBlock5,0xCdf2213F9ddDb28Ca1191ACF8425Ad8166674C50,15e55dad25ecd027a135362591b6df110b3fea4d96ed9532459f1ef5a28d7f73,40,47
Yffka,0x009a950545178ef53aDFDdD8C1a454Ebb339CE76,2ea57aa8440773fd684a6a9ee5ecc1a02b9fb6f9120f931167e06adbaf3121f6,40,47
alex777ss,0x02cC325c31bF5a230190340909f74Cd19925baDE,f3434a10ebb420dc79e5553ec3e032231d0b75effb5a3db7d971163b5d4d59c1,40,47
Miks,0x9d492DbE600b9b78153E93C6A71Cd01101E11dB3,c8ade81a253721079c3c4c8032d80a35e463274c16428e618abefe46889a0fc4,40,47
CryptoLEDI,0x2E4411829B5d1Ac82397ca5E0dddAf4eC117F3d2,d1a31c1a86406a3603a6252755e150167a9a6db41752857f5125eb28414a9d66,40,47
DAppNodeHofgutSchwar,0x1216ABe1028608B0EeAAb0635f4C56635F1d69f0,59ab787f9b97d95874093a65f57c2398bb984697e9f1a3769bb69227e5879ce1,40,47
Ellein,0x80d08a1b58A663cBaa9ddEf982A9f33B1a59a468,d6ef0c2df6e96bea5794e38e928b45973bfce15aef5615fedc87d0524ee31ca6,40,47
Autoset,0xA2D72CA0ba0A760acdA0fe332d6b693DDc79d4c3,06f4b7844154117cf1cf00d4a6982df579730a62e84f7cd0078c4c3e70626e7f,40,47
NodesGuru,0xb7E622231CEBEe6682fd78788127d6f038c8dAAB,cc463350b48524dfc5b6d05dbc7428a25aefd75eb15dea28fb3765a959dffcfe,40,46
pa1amar,0x8c279CA56e549200012a114064cAC06E29347cd4,3db976df5aca4517de66bb2fff5da0d6ee43646c5e2ae4145014c9065206f274,40,46
lirayoperator,0x623325528E0ddB4eDe477AFBFA238DF72F4A9F54,820034d75f89729df57c482387ce909dd934e1823b6a5303a3c1259f7c813e67,40,47
VTechIN,0xBa5b1aAF54FA2E9D3683dD3B37AB7256aFB60108,691dca6b1b73adc0df6443164af0cf6bdfae8bb4e52c43cb1ba0e29283a073bf,40,47
BloxStaking,0x19dF1e7a32931DB6176dE29b603917b7bAd37158,aa3fbe1203811cf3adfe2bb9e035c89eb31c35f74c54cc2123d50370b6188c4c,40,46
Adorid,0x406B0586AE5BdFf43678780356AB69D842C5B147,ea0d3c7fac88afea55551f0ef8ff161ad6e8c9314153b3b2d50e73df4fadf7a4,40,47
BloxStaking,0x5d25fdBad5D73D99805c79c3eD229a04983982c5,2529d1cef787a25f09be6199470f5e9fcb1e51bd770061502fb118f60bbda086,40,47
DappNodeMultitudes,0x7e5c0859737885a6786Aaa33B7aF1875e3319C23,9b4f437ef3ea16ebae7e4c5202bf761f44c0d2141625c474286ebfd6f5701a91,40,46
kalyzhnyy,0x9BC9916204f39F6B8A995Bc9Cc580DF2EEFD402C,5d9842e4ea97a10b41ed724fb6fdd03b29e1b3478222ee5663e413672b254b6e,40,47
Neukind,0x1faCF8439143B030259F7DAF8a9Af85716FB5FDC,1cd72b8bd001a88cfaccd8ff018c4e80b8e3425b70454174a01172b68b93557d,40,47
BadBlock,0x39e657b188b9906a74b4C7Ca13D31a8eaad33044,b85e23a0354c445652bc7bf51d32318dd0f62aaf78ed368d6191c9274592d407,40,46
i1off,0xfc26d2F9B331f95d46D6Fd05E12F80dDf7F5965D,220a6154eac6fe794d95c10b2956fac9657297972c83baf21669e22f13e1ca59,40,47
i1offnodeoperator,0xfc26d2F9B331f95d46D6Fd05E12F80dDf7F5965D,c2738e4f41f81c4bac1be2c5f0cd23e417a4de6a6e09308c7097adcaa19482cb,40,47
i1offnode,0xfc26d2F9B331f95d46D6Fd05E12F80dDf7F5965D,be675df00c6c0301523d02cceb35f3090a62468458bc61fc74608fcb4c5c7124,40,47
i1offoriginal,0xbA2f7c90F445C296360958e472027321afD72849,e8bf5cd5f2eea988010c65ef274f6aa27db2fd20d8049f26249d2e40db7a86c7,40,47
StakeCity,0x8A4f6c26e46ebfe1B25e6a3fcc877fB2901BCf5D,ebdff5ca22becf3ed7f6889d734fffea262a1b39992d8d21bcc9c1dd79afb13a,40,47
id577,0x311944e80915b08248111173671093623Fd74851,824c9778858e0d4017e488e6c8b1b053626e789c4a08b8292ce7cd8ce3fe947c,40,47
BloxStaking,0xcB4B47A00285d7Adee94fAAb507C034cf507E159,fe54b072e3721b1d019c9ba686610edd02f98a4d995a4357a9b522c92b10dd3b,40,47
DAppNode2amamu,0x263B072FF336CF091964e342969589D5ab372fAc,4470182a638be2fe4880c876696ace9d940f1891f2ad054279ab413ceb3890f4,40,46
ActionSSV,0x1F42c6114eE8C789b293885aA47AC5e38320E27c,cf72f71ed4b8ca980ebf0ab4a6c944c47691b15da0c992c10d1f21e15ec9c1f9,40,47
kertio,0x3AADA1DB9Ccf3CC10FC0A7335D61c04De1f5C91D,43f55ef93472f20f8dd0d53246bc84864b35210ac61b5ca847b87a0598bcfee0,40,47
DAppNodeRobb,0xf9Bf898bF2f41Ade970D9fF718d6027a217c491c,23bdc5bc619a20e4d637efe46e2def90dc3fb76f13dccd95c5a925f0801b26fb,40,46
LowFeeValidation,0xDa8b8A2d12327bFFa7eE3FDc2607367974e3fD39,305be0286858cc26f070d1189e95bb5e3931bdcb1c1c3ac36ee17982f26e3861,40,47
OracleUKandInfura,0xfF35af6Fff4B46fb3fc365D15D42376BCbc0f45A,85a634c2420e242ec68c36aa490e5d783c7af1cb3fb18a8a993279fe6b90ff56,40,46
CVJointOps,0xf389dD1F828525b449D63D14157f2d3A25eE0a41,86565e4efc9a3ca7ebc00f16533cc412b245ad98b67f272642737dee6fc123d3,40,46
hofe,0x86021413cF97879e3BBab2Eeda2fC00705A5881B,d772a6bcb5c9aadbfb579efe76394531e984d57126a0c3e788c0f4000ccf9cd3,40,46
stone,0x98829cbDf198e73403DCe52799fc23E7D2a003Ef,15c852fb65bb6e7f94ceac9b6e9998779c68f097443cff9059452a034def4981,40,46
SW33,0xd921c7dB4B214b418d127dCa55D039CF2a839382,09c34a4e9913c42d247651d27609131840ffc4650f923d73692bb7214f655e8c,40,46
Node75,0xf4Da6C8EC0eE7dd31A6c9CdD493536beA52b9188,f9bb69d2dcff6df955016623e41569c6e30fa63bd514320ad7343e4f839a15cf,40,46
id577,0x311944e80915b08248111173671093623Fd74851,1c9b7a1c7bbbc469d12a2ef8b786bcb0d9b409116b8baf5580c2a25de21f8dcc,40,47
carryyokey,0x2043fC83D3E031E80680a6e2FA52C5B1c85112b9,17d55e15d8a8ac9e91690cd12aa014254ebb9fa602a9ca74e49a591dc601ab12,40,47
UCrypto,0x3e304E9Ab1a50a82Da3950790E20c79f1E35d01E,b3230880a55c6ec5f53b39a7f71160287fd07293e286e6167d70bb6657d57425,40,47
LexD,0x89AD0cC2Dfe0c2082572fF7dbf121c7c79CA33B4,dda47eb74992fc89114f76d49463495b320983c016ede3536e9eefcf2a9dbbfc,40,47
SRG0,0x5cF3967b719552A0644d7EFe0bb980Be38DaAA18,db528b74795307171cf683916dfc9c255db007cbe1f685c64061aec3a9f441c1,40,47
cyphercore,0x2043fC83D3E031E80680a6e2FA52C5B1c85112b9,1a6c6a5027e8c12710d0dc4914fc1b6b076111958a599144ec8dc3a79668a980,40,47
BloxStaking,0xCf0603EA628cE30063118eb895c7fffd691363aD,6d5b66b4b5407c173e87ef104fc9b64df87528b38150629c10759e4e0c84a77b,40,47
CryptoKruzhok,0x7eD4717dBe0537c9A3d23D4093C0A8902A0031bB,bc8e6e8bd74d169f010250639f5e8da2aa92151c494a62ff02bcff7e41140779,40,47
cyphercore,0x2043fC83D3E031E80680a6e2FA52C5B1c85112b9,4b13093c32b1f12f3a17eb80c904db06c99f5cfef59a08659163a0cea887aeff,40,47
cyphercore,0x2043fC83D3E031E80680a6e2FA52C5B1c85112b9,6cef6761f822579a774efb41811868240ae6df6b874e7bcb767a154e3ccba84f,40,47
iTesting,0x075e8Fa000EBF3E1f62b38D136a9419055DE4aE5,ff83fc6f742e8fd15d1e31052ab0b284d487cbb1a2279a23c4cd7e05629077e2,40,46
Timkot,0x4eD2b3c68BB4fda084ce1591a210F4aC8b71234A,614b84ae7ce45f701267305a4aee103943b2bdb09092f8296df95941fefb44ff,40,46
ValiDiter,0x13e2926facD4e56A8F4412a945EA038F62dE22a5,b05b7fc288e7a1b5e22278e9bce59d2db1c143f662af303eec1cde89c2faf2a3,40,47
HashQuark,0x859D79Fd892BD8330873AF241023021880Ac3e95,1e4de5b8e379cdd2a83f41797f14705167313e3cfd9e697f791d4f630c3c0dbb,40,47
hashquark,0x75Ff81B7c738b7556079d1a63910008b9385C6F7,40ca0f34deef5d9bda74aefcb5e8cf8d1987f79e1548b5d0bd9c1abcb44afd7d,40,47
n0de,0x5a42d64029a5Cf2C8cd71Ae4075297f0c30BEdFF,7e43a4d0b3d15d64b566b48129533fa2825c6ddbc318ff02e5f8e2a0cbb9740f,40,46
ValidBlocks,0x0717a10bF2A82A7793223De45DAb655134e84e07,82b15de05d4d103d4218595f269c0a6fb7bd9a5cd312fef0947a5c1adb37ce43,40,47
Anonstake,0x2b96C5e63384fEE4848181Addd04C29B3A16Eb89,630ef151166d43e90199b2ba10da8776855f7b3b3d710033951517e60f6224cd,40,47
BloxStakingA,0x483428315001d60f8835b5b896B7580CdecD4216,c502246a2c0bd2c24ac36b67eca82b6fcbfeddac6945d0504017b3f1601dbaa3,40,47
asd,0x67Ce5c69260bd819B4e0AD13f4b873074D479811,87754d0708be2cf7e1d28ddd2c7ddd354cd0aa7434a6fcec3bac1cf8aa717e93,40,47
DoubleH,0x00b463CC980797bdEd4cc3Eb7F863DF2Dd36e347,d971ff96b6e752a4e4187a376f029562a4ece4218ab0ad10119db896e35f76b5,40,47
Nodemod,0xFa4bb4df6089Bf2816Fd067D4C98088e66a0E793,9796d4f830afe6906aaeee67fee02987433d9fe5c74bf1bae88d5c729b1c9d2a,40,47
Fitsu,0x60c6E78b45cB15B1CA063AE06BAC4Dd45a9ca65a,f3718816aa44bd3ca72183d1da2413f49e6e55cda0acf38dac1907ed69441711,40,47
studentmtk,0x1ba0C1648980dba412562A54b61dba860ECBF9Bd,bc0d89311151fe492f5c8cb9b2405e62bc375d95ace1b984f7d68640ab1b3c76,40,46
power,0x89987eC6234d63411a8E0f3EF9AE1A51468692d4,a9d7b7f05228bf3af301b07c7b5445e905cfed5b5137510d7f57132888d78183,40,46
Freewheeling,0x600874fDb758738239e8EdEA567529BDfE376132,014338e0cad579e03fcbb29321bf8e602a32e01ebcacacdeeaa5ae9d610faa1a,40,47
bingo228,0xE4D59b96AB6695b27DcbC5b33B01eD6b50F42524,25c5a10a7779476168d7e8fd4da823148db3fcd7398d487140df60bd1c79a8fa,40,46
MexanikSSV,0xC5769501088eBc07aaF4a2cB1B0304F58913e911,a52bea0de96ac17f7b9b02818bd1b7cae9ecdfa5d1bfe4e16a3dba0ff5e16f52,40,47
Laine,0x0AC51E75c52C73f0Dec48dd67A52CA7b113D9A9e,8b1025a1c35af88b65af6566c1e769773024aa87e3a044ef9312e2aeea380c26,40,46
XTCOMNode,0xF423Fa5FeE335a7261433a37460ff4fC82E7a349,7b403d21cf862b018079a594fbf7937a7eed3c613dd252a30ef82ca4799dbf9b,40,47
BorisAlkash,0x5F0e95e44aC94CC36147FBf41706d814d3186b63,051c6f3c14d5de5d0ca514cf2c68be2278167269e8a91b896f9b966c5e2bac4e,40,47
nameava,0x4E156B53F71D21B6279853926eE75758A89a4082,ddeb47c2d342f9eb22035918f5858b869b6d900c5c6a2e5a88594c11ef729cc5,40,47
Boris,0x7658650339e38C4CC254e60CB6bFC9255305d82a,b2e79fa0e8d704de27ef42f913a858190b3e91ad941e7fcd08c7b536e7f46ebe,40,47
ghotoman,0xCf0603EA628cE30063118eb895c7fffd691363aD,c9bbfeef09229c0b5af1af5241a06fb66c14918ac53426df82526615b5a0c15b,40,47
MACHINA,0x02576Ae2D4c433dD4309978E191c60323517fc24,b5b35198b1cf25c1b850592cb36578253148ec4f2a31ab1e8c7b7db7c084b448,40,47
palamar,0x7ecD57Cd38216Cb8772Ca09b3E6fb3d101C80593,d0d35dfaae2f70e6916aa7d583137162e11b8ce55be5aa7f7add9c46f36b6601,40,46
BVS,0x3A1ba77D470D82EC6b16111F28AE35bc63da2b65,464f0c4a72b058b3edd0d6d96bc7d487e62bf00bc34dffa3086050ba03f0a2ab,40,47
OlegSSVOperator,0x5c3d3f67bFA1e0f74E0e49E3ced5e4581bC582B7,74fc989da5539a2ec40dfde0518e24cea1c6b8c06bdc9433c28edd38fbaca57f,40,46
garos,0xb9AcaF3Fbf03241BB9246f9B0625dAC5782D1BeA,dccb6ddcb1bb54db8441bf8459e5ef7facd7df9c38724de29a237ccb5fe41706,40,47
Amalker,0x01f5EF280E8680c495c3C495ac835025FE563A23,30b61a94c4e22e7b9c7c06e5ad5b2f8a0efc9d3429d4e49521df31c9bae8e8c4,40,47
gleam,0xa4268faBd1F3d947A3F783925ec93B2AEF0e52d4,d3b7cab30ea3c9691997e610e0434c96f8e0345187aaffd4c606ca0065e17fee,40,47
TestNetRun,0x8D9A2f410be92Bc9B5790e607C7E32A5D1e086a2,fed8f6185887356fa9561b38cc70624757f650ad7e2f911ee1a3a213e778bde2,40,47
CryptoKruzhok,0x7eD4717dBe0537c9A3d23D4093C0A8902A0031bB,55d1875f0ab09588e2f628eb62faa981028306f53d81b861d534e87754640650,40,46
alexby,0x9146d4E5c29e58848E883489B093b6c0F7C1DFd6,776696e37ad00845963a85a503e48b496d2fb526adf6bc051efbfcb488415707,40,47
DELIGHT,0xC40B73D7969c3543fF6Fb00bf6CBA9382f88C5ac,a96c9e07bd6d75d32550f1a3b4c08c86dabc7e7a61d6c6961f77d39cfe0ad310,40,47
SSVM,0x91B597aD2FF79Cc5266e326ca728adfE44757c57,1ac03e2e5ccf32601512ae56214c921a8b6374feb2d99c0f9be3786072fb7b71,40,46
BVS,0x3A1ba77D470D82EC6b16111F28AE35bc63da2b65,78330284533c01ae1de696f0e523319c63b4a56d6443e9756fa984fb785764d6,40,47
Beleverest,0x33cff3687a3f0890D8903d1E951CaC29F0881DCE,593217080323a936c3fa840213c52cef6d3c017026c4db006c119e19becc8f0a,40,47
AmalkerNode,0x01f5EF280E8680c495c3C495ac835025FE563A23,02ad6e800cfc88f5134835a2ecf48432765efc7821fcdf8b413ccd35be78ca58,40,47
cyberomanov,0x0a64298e6247f3410C352B599a192d912B34ab7D,4a3893bd2aadd5871541a71c9efeed886036f03d975642651aaacb14ca061548,40,46
BestSSV,0x2dFE45B81f61aD6Cc1fe1459D77FF61659bC0A52,0889b9f2a257853ecf3f4f5e8ee30b356206620549c8283d10817a64785aca7e,40,47
Jetlife,0xdD8E898B37EAF390CF53790f2ea2CABeDac7afA2,ec20b76dfb56efe87f9c24d36c92c9ab32d4b2cf505e18b7c7ac00c646c4df84,40,47
ssvoperator,0x2dFE45B81f61aD6Cc1fe1459D77FF61659bC0A52,65716194dc649dd442d03b995a8c84d5e3f5cacfb53faf5a7301edd2901d1bc2,40,47
cyberomanovhtn,0x2BCdFC56c8334ea904143AC71C407eC71B6fff63,b60475ffde47f40e8df6df83877bbc557e64ca5161e88fed9bf20efef9d745df,40,46
SSVT,0xfcf03727718CCCAa55123EB6f21e57a60d972481,dc8a38e7b2fae76b69ae524b70ef445284581742a445bd79be60347956158977,40,46
SSVS,0x4e64c5AADdFa2f0274aA73367bEe6E3879b0F954,39e2e11290f5e2791f85f197488eb8604060e7e32b33b5812381048ebab8a688,40,46
STAVR,0xE6C851f63Ed6Eb582e74df1c0C55aE275AAe6BaB,985252b7e7cb5dd3bcb1da54ca4c9f7f3c8060bc97fad2f0f3edac5b6a532627,40,46
BELA,0x783641C83D392E16C7Bc1A5260539a8E2926a1C4,9cefa91fbdaf003545bd9f4402d92731f8db29ac047e444a6b1412c01d02c3fa,40,46
tanusha602,0x1F10312Ce8ED0BeF1fA16339a10C345283dA6130,0b274be0ba621a5d3cd46b3e280fdd40610060eb960b716116a0914a21f1dd8a,40,46
global,0x4bBd33B5300D7478CA7cBbB6962415286D697C3b,01cf6dd4a109867a851eecc8f391149830a7a27f3c889595d5d63ee27d4c1bae,40,46
skynode,0x934AA1913245B39d2bC3c50AF7D839F3c3a9952B,2495b10fa3ede7dba6a2f13429c2d1e9f29ab323b59f8029d2f52bdc622f17fd,40,47
keola,0xA04851705515510F22A443218ff0622092F17a38,b18c4a77dce292fb1e8ec72f0382677ec513ab0f55a21757af3a2a71fa956e1a,40,47
MOONNODE,0x2e5AA049aeBAFf3e158bD39D75E6d1863da95D4D,48d794e1be90e0137d39bf4d6d47976de56e1c5ce457e4998fe8ff4e46e6fc9c,40,47
MySSVOperator,0xc1993c35f584a6eaC90f62ca836d8014E5b82b00,54981d48e0003d55e929d6dd1cde32a3d5d383187aaf7f9dadb2773fc71b56a8,40,46
BloxStaking,0x63E0742f76D1FfE2Ab2B0B0f68087ae1a304551f,d857af7411ad44cf20173c9c05ef58b4c9fb1d5b43b443f55bb14cc23a9988a6,40,47
sergeik,0xD65D54B20f42b5410C4c44250EC371625Ed415d2,e31ec92d657eb1a36434db76f91f4cfa06762a6c36a6d48b869482a2b254c6d6,40,47
SAKURA,0x7Fe9885732aFaa1CEf3714830750ef2B504cCc04,fd67bf532a6460fd05be147b186684981ef29f9321fbc134f516dc300164edcb,40,47
SSR1,0x9Ca53d2679F8A5f1F863b0a620D3d100B21E063a,37350371322bc6decb8b481c2541db5ef875e83a1a1a449ce0b59317dad37f2a,40,47
Bloxstakingkunyoung,0x5E7BE09b8253C9668D1a7F9DBd73F0649b80feCc,6d9403707e3d600fa7762092e595ddd24f0b7cc427e63fb93300d5b2445b656e,40,47
SRG0Z10,0x9Ca53d2679F8A5f1F863b0a620D3d100B21E063a,d3498811e155f3ed8bdf053b8957dd29032ec8366b8a3d37787a18a8f7e2de90,40,47
WalDemaR,0xA6ca227e8339FfFB36ce47AE38A1c616dFCd245D,eb1edb589d414a9d2d98ee7571c7ebd820263bdbca822d36f6a5dbf2c0d2c16c,40,46
SRGDF,0x9Ca53d2679F8A5f1F863b0a620D3d100B21E063a,ea385730b1bece3af7c873e0b3194eea05e5b2c9a16ed589b16e519ea3359415,40,47
SRG0Z10,0x9Ca53d2679F8A5f1F863b0a620D3d100B21E063a,771adfbc77e507758e1ca519c83c501576ac03bca27380e73bee1b46a0dadd5e,40,47
Cardex,0x4f4237f29CFc9d3916CFe87302Cd1aB5eA6b92a7,d1202b3cc14989c5d8a05d40ff160f56170ce1bcbc51b71b11101d18a8c50128,40,47
DmitryNodePro,0x31532cb94Ea93E8b4aa88e58A278eBC6774C48F3,fbf2077c6568d45a5cf5bda19eb78b8900c835d4a39095e0eccb773c16a1944c,40,46
BASTA,0xDB6E8d92E66De74Ba85f42e1aBFf46fb461dfb1b,eb9aa351c801256040b4bc0e521fd31c21ee938808b37ec0e086f802ac460628,40,46
GSBFC,0x9Ca53d2679F8A5f1F863b0a620D3d100B21E063a,3c91c3d710d61d210598264697558a26d500223555cc151414243fdb3be26499,40,47
Chaim613,0x697f130862AaDe45Acc2A1bB0701458BE3969769,2914ad56c7b5b645cf128085ca93d078480199db675a73824c869347123775f9,40,47
AyaksOp,0x253A5aBBFaD89C08faaaCD24895b4FE735eA4A71,5cb556fbfcc4955da80ff471629f39d7a03699a8441ca8b1149fa929df3f039f,40,46
lirrato,0xb4EE962f90fC1ba210611Ea294E28CA3dC719c4F,5b1974fb3f899480dca08943e55bc4bd55b29510908bf8ee08ff7c60b3e6e389,40,47
Jin,0xd60059A65FceFB82beE55736123CadF4921B9052,202d5b4a3fb6ba2fdb69c1eb846d6ff194458607cc4aa489a8543eaec0774509,40,47
Cabanio,0xfb861dC0E7647ca48aae5ef4FDB718e4fd680077,35910e9cae87a43fc3c61f7076471c2597cc097250158d851c7752a47a0df3dd,40,47
BloxStaking,0x70AC21b740A4167Ddf1E5233e3869a358D5a2A7f,c5d754ec816dba1fd4d5f609a6b369eb709dc81005200359667e1938ddfac5ac,40,47
BloxStaking,0x2BC52D804490fAbC71E49A2EB9Da37C6516b97Fc,6451b19d710520c3e8afd09ae40bb1becb9735f6a08550dcc39ac0987a7051f1,40,47
Infinity,0xde3f7D9118F27dfE52041fCEe6C86d42888dA26b,202f1da9a4a31b74a8501f4c26651a42c4a1f48eedb10e1a8a18e38814acf296,40,47
